key,ticker,title,description,key-words,kick-off,close-out,draft-mode,total-active-months,effort,key:manager
# base entity,"","","","","",""
project-00,TI00-Project00,"Lorem ipsum dolor sit amet, consectetu","Lorem ipsum dolor sit amet, consectetur adipiscing elit. Sed do: eiusmod tempor incididunt ut labore et dolore magna aliqua! Ut*","Lorem ipsum dolor sit amet, consectetur adipiscing elit. Sed do: eiusmod tempor incididunt ut labore et dolore magna aliqua! Ut*",2025/01/03 00:00,2200/12/31 23:59,TRUE,50.0,50.0,manager-00
# ticker - standard variations,"","","","",""
project-01,"","Lorem ipsum dolor sit amet, consectetu","Lorem ipsum dolor sit amet, consectetur adipiscing elit. Sed do: eiusmod tempor incididunt ut labore et dolore magna aliqua! Ut*","Lorem ipsum dolor sit amet, consectetur adipiscing elit. Sed do: eiusmod tempor incididunt ut labore et dolore magna aliqua! Ut*",2025/01/03 00:00,2200/12/31 23:59,TRUE,50.0,50.0,manager-00
project-02,LN53-,"Lorem ipsum dolor sit amet, consectetu","Lorem ipsum dolor sit amet, consectetur adipiscing elit. Sed do: eiusmod tempor incididunt ut labore et dolore magna aliqua! Ut*","Lorem ipsum dolor sit amet, consectetur adipiscing elit. Sed do: eiusmod tempor incididunt ut labore et dolore magna aliqua! Ut*",2025/01/03 00:00,2200/12/31 23:59,TRUE,50.0,50.0,manager-00
project-03,LLLL-abcde,"Lorem ipsum dolor sit amet, consectetu","Lorem ipsum dolor sit amet, consectetur adipiscing elit. Sed do: eiusmod tempor incididunt ut labore et dolore magna aliqua! Ut*","Lorem ipsum dolor sit amet, consectetur adipiscing elit. Sed do: eiusmod tempor incididunt ut labore et dolore magna aliqua! Ut*",2025/01/03 00:00,2200/12/31 23:59,TRUE,50.0,50.0,manager-00
project-04,LL53,"Lorem ipsum dolor sit amet, consectetu","Lorem ipsum dolor sit amet, consectetur adipiscing elit. Sed do: eiusmod tempor incididunt ut labore et dolore magna aliqua! Ut*","Lorem ipsum dolor sit amet, consectetur adipiscing elit. Sed do: eiusmod tempor incididunt ut labore et dolore magna aliqua! Ut*",2025/01/03 00:00,2200/12/31 23:59,TRUE,50.0,50.0,manager-00
project-05,abcde,"Lorem ipsum dolor sit amet, consectetu","Lorem ipsum dolor sit amet, consectetur adipiscing elit. Sed do: eiusmod tempor incididunt ut labore et dolore magna aliqua! Ut*","Lorem ipsum dolor sit amet, consectetur adipiscing elit. Sed do: eiusmod tempor incididunt ut labore et dolore magna aliqua! Ut*",2025/01/03 00:00,2200/12/31 23:59,TRUE,50.0,50.0,manager-00
project-06,-,"Lorem ipsum dolor sit amet, consectetu","Lorem ipsum dolor sit amet, consectetur adipiscing elit. Sed do: eiusmod tempor incididunt ut labore et dolore magna aliqua! Ut*","Lorem ipsum dolor sit amet, consectetur adipiscing elit. Sed do: eiusmod tempor incididunt ut labore et dolore magna aliqua! Ut*",2025/01/03 00:00,2200/12/31 23:59,TRUE,50.0,50.0,manager-00
project-07,1111-abcde,"Lorem ipsum dolor sit amet, consectetu","Lorem ipsum dolor sit amet, consectetur adipiscing elit. Sed do: eiusmod tempor incididunt ut labore et dolore magna aliqua! Ut*","Lorem ipsum dolor sit amet, consectetur adipiscing elit. Sed do: eiusmod tempor incididunt ut labore et dolore magna aliqua! Ut*",2025/01/03 00:00,2200/12/31 23:59,TRUE,50.0,50.0,manager-00
project-08,111L-abcde,"Lorem ipsum dolor sit amet, consectetu","Lorem ipsum dolor sit amet, consectetur adipiscing elit. Sed do: eiusmod tempor incididunt ut labore et dolore magna aliqua! Ut*","Lorem ipsum dolor sit amet, consectetur adipiscing elit. Sed do: eiusmod tempor incididunt ut labore et dolore magna aliqua! Ut*",2025/01/03 00:00,2200/12/31 23:59,TRUE,50.0,50.0,manager-00
project-09,11LL-abcde,"Lorem ipsum dolor sit amet, consectetu","Lorem ipsum dolor sit amet, consectetur adipiscing elit. Sed do: eiusmod tempor incididunt ut labore et dolore magna aliqua! Ut*","Lorem ipsum dolor sit amet, consectetur adipiscing elit. Sed do: eiusmod tempor incididunt ut labore et dolore magna aliqua! Ut*",2025/01/03 00:00,2200/12/31 23:59,TRUE,50.0,50.0,manager-00
project-10,1LLL-abcde,"Lorem ipsum dolor sit amet, consectetu","Lorem ipsum dolor sit amet, consectetur adipiscing elit. Sed do: eiusmod tempor incididunt ut labore et dolore magna aliqua! Ut*","Lorem ipsum dolor sit amet, consectetur adipiscing elit. Sed do: eiusmod tempor incididunt ut labore et dolore magna aliqua! Ut*",2025/01/03 00:00,2200/12/31 23:59,TRUE,50.0,50.0,manager-00
project-11,L111-abcde,"Lorem ipsum dolor sit amet, consectetu","Lorem ipsum dolor sit amet, consectetur adipiscing elit. Sed do: eiusmod tempor incididunt ut labore et dolore magna aliqua! Ut*","Lorem ipsum dolor sit amet, consectetur adipiscing elit. Sed do: eiusmod tempor incididunt ut labore et dolore magna aliqua! Ut*",2025/01/03 00:00,2200/12/31 23:59,TRUE,50.0,50.0,manager-00
project-12,LLL1-abcde,"Lorem ipsum dolor sit amet, consectetu","Lorem ipsum dolor sit amet, consectetur adipiscing elit. Sed do: eiusmod tempor incididunt ut labore et dolore magna aliqua! Ut*","Lorem ipsum dolor sit amet, consectetur adipiscing elit. Sed do: eiusmod tempor incididunt ut labore et dolore magna aliqua! Ut*",2025/01/03 00:00,2200/12/31 23:59,TRUE,50.0,50.0,manager-00
project-13,LL11-abcde-,"Lorem ipsum dolor sit amet, consectetu","Lorem ipsum dolor sit amet, consectetur adipiscing elit. Sed do: eiusmod tempor incididunt ut labore et dolore magna aliqua! Ut*","Lorem ipsum dolor sit amet, consectetur adipiscing elit. Sed do: eiusmod tempor incididunt ut labore et dolore magna aliqua! Ut*",2025/01/03 00:00,2200/12/31 23:59,TRUE,50.0,50.0,manager-00
project-14,OL58,"Lorem ipsum dolor sit amet, consectetu","Lorem ipsum dolor sit amet, consectetur adipiscing elit. Sed do: eiusmod tempor incididunt ut labore et dolore magna aliqua! Ut*","Lorem ipsum dolor sit amet, consectetur adipiscing elit. Sed do: eiusmod tempor incididunt ut labore et dolore magna aliqua! Ut*",2025/01/03 00:00,2200/12/31 23:59,TRUE,50.0,50.0,manager-00
project-15,UO07-123456789000000,"Lorem ipsum dolor sit amet, consectetu","Lorem ipsum dolor sit amet, consectetur adipiscing elit. Sed do: eiusmod tempor incididunt ut labore et dolore magna aliqua! Ut*","Lorem ipsum dolor sit amet, consectetur adipiscing elit. Sed do: eiusmod tempor incididunt ut labore et dolore magna aliqua! Ut*",2025/01/03 00:00,2200/12/31 23:59,TRUE,50.0,50.0,manager-00
project-16,UO07-a,"Lorem ipsum dolor sit amet, consectetu","Lorem ipsum dolor sit amet, consectetur adipiscing elit. Sed do: eiusmod tempor incididunt ut labore et dolore magna aliqua! Ut*","Lorem ipsum dolor sit amet, consectetur adipiscing elit. Sed do: eiusmod tempor incididunt ut labore et dolore magna aliqua! Ut*",2025/01/03 00:00,2200/12/31 23:59,TRUE,50.0,50.0,manager-00
project-17,UO07-aaaa,"Lorem ipsum dolor sit amet, consectetu","Lorem ipsum dolor sit amet, consectetur adipiscing elit. Sed do: eiusmod tempor incididunt ut labore et dolore magna aliqua! Ut*","Lorem ipsum dolor sit amet, consectetur adipiscing elit. Sed do: eiusmod tempor incididunt ut labore et dolore magna aliqua! Ut*",2025/01/03 00:00,2200/12/31 23:59,TRUE,50.0,50.0,manager-00
project-18,UO07-123456789000000,"Lorem ipsum dolor sit amet, consectetu","Lorem ipsum dolor sit amet, consectetur adipiscing elit. Sed do: eiusmod tempor incididunt ut labore et dolore magna aliqua! Ut*","Lorem ipsum dolor sit amet, consectetur adipiscing elit. Sed do: eiusmod tempor incididunt ut labore et dolore magna aliqua! Ut*",2025/01/03 00:00,2200/12/31 23:59,TRUE,50.0,50.0,manager-00
project-19,TI00-Project00,"Lorem ipsum dolor sit amet, consectetu","Lorem ipsum dolor sit amet, consectetur adipiscing elit. Sed do: eiusmod tempor incididunt ut labore et dolore magna aliqua! Ut*","Lorem ipsum dolor sit amet, consectetur adipiscing elit. Sed do: eiusmod tempor incididunt ut labore et dolore magna aliqua! Ut*",2025/01/03 00:00,2200/12/31 23:59,TRUE,50.0,50.0,manager-00
# ticker - singular values,"","","",""
project-20,ÑÑ00-123456_aL,"Lorem ipsum dolor sit amet, consectetu","Lorem ipsum dolor sit amet, consectetur adipiscing elit. Sed do: eiusmod tempor incididunt ut labore et dolore magna aliqua! Ut*","Lorem ipsum dolor sit amet, consectetur adipiscing elit. Sed do: eiusmod tempor incididunt ut labore et dolore magna aliqua! Ut*",2025/01/03 00:00,2200/12/31 23:59,TRUE,50.0,50.0,manager-00
project-21,SR58-__ññ___,"Lorem ipsum dolor sit amet, consectetu","Lorem ipsum dolor sit amet, consectetur adipiscing elit. Sed do: eiusmod tempor incididunt ut labore et dolore magna aliqua! Ut*","Lorem ipsum dolor sit amet, consectetur adipiscing elit. Sed do: eiusmod tempor incididunt ut labore et dolore magna aliqua! Ut*",2025/01/03 00:00,2200/12/31 23:59,TRUE,50.0,50.0,manager-00
project-22,SR58-__😃😃___,"Lorem ipsum dolor sit amet, consectetu","Lorem ipsum dolor sit amet, consectetur adipiscing elit. Sed do: eiusmod tempor incididunt ut labore et dolore magna aliqua! Ut*","Lorem ipsum dolor sit amet, consectetur adipiscing elit. Sed do: eiusmod tempor incididunt ut labore et dolore magna aliqua! Ut*",2025/01/03 00:00,2200/12/31 23:59,TRUE,50.0,50.0,manager-00
project-23,😃R58-__qq___,"Lorem ipsum dolor sit amet, consectetu","Lorem ipsum dolor sit amet, consectetur adipiscing elit. Sed do: eiusmod tempor incididunt ut labore et dolore magna aliqua! Ut*","Lorem ipsum dolor sit amet, consectetur adipiscing elit. Sed do: eiusmod tempor incididunt ut labore et dolore magna aliqua! Ut*",2025/01/03 00:00,2200/12/31 23:59,TRUE,50.0,50.0,manager-00
project-24,SR5😃-__qq___,"Lorem ipsum dolor sit amet, consectetu","Lorem ipsum dolor sit amet, consectetur adipiscing elit. Sed do: eiusmod tempor incididunt ut labore et dolore magna aliqua! Ut*","Lorem ipsum dolor sit amet, consectetur adipiscing elit. Sed do: eiusmod tempor incididunt ut labore et dolore magna aliqua! Ut*",2025/01/03 00:00,2200/12/31 23:59,TRUE,50.0,50.0,manager-00
# name - standard variations,"","","","","","",""
project-25,TI00-Project25,"","Lorem ipsum dolor sit amet, consectetur adipiscing elit. Sed do: eiusmod tempor incididunt ut labore et dolore magna aliqua! Ut*","Lorem ipsum dolor sit amet, consectetur adipiscing elit. Sed do: eiusmod tempor incididunt ut labore et dolore magna aliqua! Ut*",2025/01/03 00:00,2200/12/31 23:59,TRUE,50.0,50.0,manager-00
project-26,TI00-Project26,"Lorem ipsum dolor sit amet, consectetur adipiscing elit. Sed do: eiusmod tem","Lorem ipsum dolor sit amet, consectetur adipiscing elit. Sed do: eiusmod tempor incididunt ut labore et dolore magna aliqua! Ut*","Lorem ipsum dolor sit amet, consectetur adipiscing elit. Sed do: eiusmod tempor incididunt ut labore et dolore magna aliqua! Ut*",2025/01/03 00:00,2200/12/31 23:59,TRUE,50.0,50.0,manager-00
# name - no singular values,"","","",""
# description - standard variations,"",""
project-27,TI00-Project27,"Lorem ipsum dolor sit amet, consectetu","","Lorem ipsum dolor sit amet, consectetur adipiscing elit. Sed do: eiusmod tempor incididunt ut labore et dolore magna aliqua! Ut*",2025/01/03 00:00,2200/12/31 23:59,TRUE,50.0,50.0,manager-00
project-28,TI00-Project28,"Lorem ipsum dolor sit amet, consectetu","Lorem ipsum dolor sit amet, consectetur adipiscing elit. Sed do: eiusmod tempor incididunt ut labore et dolore magna aliqua! Ut enim ad minim veniam? Quis nostrud exercitation ullamco laboris nisi ut aliquip ex ea commodo consequat. Duis aute irure dolor i","Lorem ipsum dolor sit amet, consectetur adipiscing elit. Sed do: eiusmod tempor incididunt ut labore et dolore magna aliqua! Ut*",2025/01/03 00:00,2200/12/31 23:59,TRUE,50.0,50.0,manager-00
# description - no singular values
# keywords - standard variations,"",""
project-29,TI00-Project29,"Lorem ipsum dolor sit amet, consectetu","Lorem ipsum dolor sit amet, consectetur adipiscing elit. Sed do: eiusmod tempor incididunt ut labore et dolore magna aliqua! Ut*","",2025/01/03 00:00,2200/12/31 23:59,TRUE,50.0,50.0,manager-00
project-30,TI00-Project30,"Lorem ipsum dolor sit amet, consectetu","Lorem ipsum dolor sit amet, consectetur adipiscing elit. Sed do: eiusmod tempor incididunt ut labore et dolore magna aliqua! Ut*","Lorem ipsum dolor sit amet, consectetur adipiscing elit. Sed do: eiusmod tempor incididunt ut labore et dolore magna aliqua! Ut enim ad minim veniam? Quis nostrud exercitation ullamco laboris nisi ut aliquip ex ea commodo consequat. Duis aute irure dolor i",2025/01/03 00:00,2200/12/31 23:59,TRUE,50.0,50.0,manager-00
# description - no singular values
# kick-off - standard variations,"","","",""
project-31,TI00-Project31,"Lorem ipsum dolor sit amet, consectetu","Lorem ipsum dolor sit amet, consectetur adipiscing elit. Sed do: eiusmod tempor incididunt ut labore et dolore magna aliqua! Ut*","Lorem ipsum dolor sit amet, consectetur adipiscing elit. Sed do: eiusmod tempor incididunt ut labore et dolore magna aliqua! Ut*",2022/09/01 10:00,2200/12/31 23:59,TRUE,50.0,50.0,manager-00
project-32,TI00-Project32,"Lorem ipsum dolor sit amet, consectetu","Lorem ipsum dolor sit amet, consectetur adipiscing elit. Sed do: eiusmod tempor incididunt ut labore et dolore magna aliqua! Ut*","Lorem ipsum dolor sit amet, consectetur adipiscing elit. Sed do: eiusmod tempor incididunt ut labore et dolore magna aliqua! Ut*","",2200/12/31 23:59,TRUE,50.0,50.0,manager-00
project-33,TI00-Project33,"Lorem ipsum dolor sit amet, consectetu","Lorem ipsum dolor sit amet, consectetur adipiscing elit. Sed do: eiusmod tempor incididunt ut labore et dolore magna aliqua! Ut*","Lorem ipsum dolor sit amet, consectetur adipiscing elit. Sed do: eiusmod tempor incididunt ut labore et dolore magna aliqua! Ut*",2024/12/31 23:59,2200/12/31 23:59,TRUE,50.0,50.0,manager-00
project-34,TI00-Project34,"Lorem ipsum dolor sit amet, consectetu","Lorem ipsum dolor sit amet, consectetur adipiscing elit. Sed do: eiusmod tempor incididunt ut labore et dolore magna aliqua! Ut*","Lorem ipsum dolor sit amet, consectetur adipiscing elit. Sed do: eiusmod tempor incididunt ut labore et dolore magna aliqua! Ut*",2201/01/01 0:00,2200/12/31 23:59,TRUE,50.0,50.0,manager-00
# kick-off - singular values,"",""
project-35,TI00-Project35,"Lorem ipsum dolor sit amet, consectetu","Lorem ipsum dolor sit amet, consectetur adipiscing elit. Sed do: eiusmod tempor incididunt ut labore et dolore magna aliqua! Ut*","Lorem ipsum dolor sit amet, consectetur adipiscing elit. Sed do: eiusmod tempor incididunt ut labore et dolore magna aliqua! Ut*",2200/12/31 23:59,2200/12/31 23:59,TRUE,50.0,50.0,manager-00
# close-out - standard variations,"",""
project-36,TI00-Project36,"Lorem ipsum dolor sit amet, consectetu","Lorem ipsum dolor sit amet, consectetur adipiscing elit. Sed do: eiusmod tempor incididunt ut labore et dolore magna aliqua! Ut*","Lorem ipsum dolor sit amet, consectetur adipiscing elit. Sed do: eiusmod tempor incididunt ut labore et dolore magna aliqua! Ut*",2025/01/03 00:00,2022/09/01 10:00,TRUE,50.0,50.0,manager-00
project-37,TI00-Project37,"Lorem ipsum dolor sit amet, consectetu","Lorem ipsum dolor sit amet, consectetur adipiscing elit. Sed do: eiusmod tempor incididunt ut labore et dolore magna aliqua! Ut*","Lorem ipsum dolor sit amet, consectetur adipiscing elit. Sed do: eiusmod tempor incididunt ut labore et dolore magna aliqua! Ut*",2025/01/03 00:00,"",TRUE,50.0,50.0,manager-00
project-38,TI00-Project38,"Lorem ipsum dolor sit amet, consectetu","Lorem ipsum dolor sit amet, consectetur adipiscing elit. Sed do: eiusmod tempor incididunt ut labore et dolore magna aliqua! Ut*","Lorem ipsum dolor sit amet, consectetur adipiscing elit. Sed do: eiusmod tempor incididunt ut labore et dolore magna aliqua! Ut*",2025/01/03 00:00,2024/12/31 23:59,TRUE,50.0,50.0,manager-00
project-39,TI00-Project39,"Lorem ipsum dolor sit amet, consectetu","Lorem ipsum dolor sit amet, consectetur adipiscing elit. Sed do: eiusmod tempor incididunt ut labore et dolore magna aliqua! Ut*","Lorem ipsum dolor sit amet, consectetur adipiscing elit. Sed do: eiusmod tempor incididunt ut labore et dolore magna aliqua! Ut*",2025/01/03 00:00,2201/01/01 0:00,TRUE,50.0,50.0,manager-00
# close-out - singular values,"","","","",""
project-40,TI00-Project40,"Lorem ipsum dolor sit amet, consectetu","Lorem ipsum dolor sit amet, consectetur adipiscing elit. Sed do: eiusmod tempor incididunt ut labore et dolore magna aliqua! Ut*","Lorem ipsum dolor sit amet, consectetur adipiscing elit. Sed do: eiusmod tempor incididunt ut labore et dolore magna aliqua! Ut*",2025/01/03 00:00,2025/01/02 00:00,TRUE,50.0,50.0,manager-00
# draft-mode - standard variations,"","","","",""
project-41,TI00-Project41,"Lorem ipsum dolor sit amet, consectetu","Lorem ipsum dolor sit amet, consectetur adipiscing elit. Sed do: eiusmod tempor incididunt ut labore et dolore magna aliqua! Ut*","Lorem ipsum dolor sit amet, consectetur adipiscing elit. Sed do: eiusmod tempor incididunt ut labore et dolore magna aliqua! Ut*",2025/01/03 00:00,2200/12/31 23:59,FALSE,50.0,50.0,manager-00
# draft-mode - no singular values
# total-active-months - standard variations,"","","","",""
project-42,TI00-Project42,"Lorem ipsum dolor sit amet, consectetu","Lorem ipsum dolor sit amet, consectetur adipiscing elit. Sed do: eiusmod tempor incididunt ut labore et dolore magna aliqua! Ut*","Lorem ipsum dolor sit amet, consectetur adipiscing elit. Sed do: eiusmod tempor incididunt ut labore et dolore magna aliqua! Ut*",2025/01/03 00:00,2200/12/31 23:59,TRUE,"",50.0,manager-00
project-43,TI00-Project43,"Lorem ipsum dolor sit amet, consectetu","Lorem ipsum dolor sit amet, consectetur adipiscing elit. Sed do: eiusmod tempor incididunt ut labore et dolore magna aliqua! Ut*","Lorem ipsum dolor sit amet, consectetur adipiscing elit. Sed do: eiusmod tempor incididunt ut labore et dolore magna aliqua! Ut*",2025/01/03 00:00,2200/12/31 23:59,TRUE,-1.0,50.0,manager-00
# total-active-months - no singular values
# effort - standard variations,"","","","",""
project-44,TI00-Project44,"Lorem ipsum dolor sit amet, consectetu","Lorem ipsum dolor sit amet, consectetur adipiscing elit. Sed do: eiusmod tempor incididunt ut labore et dolore magna aliqua! Ut*","Lorem ipsum dolor sit amet, consectetur adipiscing elit. Sed do: eiusmod tempor incididunt ut labore et dolore magna aliqua! Ut*",2025/01/03 00:00,2200/12/31 23:59,TRUE,50.0,"",manager-00
project-45,TI00-Project45,"Lorem ipsum dolor sit amet, consectetu","Lorem ipsum dolor sit amet, consectetur adipiscing elit. Sed do: eiusmod tempor incididunt ut labore et dolore magna aliqua! Ut*","Lorem ipsum dolor sit amet, consectetur adipiscing elit. Sed do: eiusmod tempor incididunt ut labore et dolore magna aliqua! Ut*",2025/01/03 00:00,2200/12/31 23:59,TRUE,50.0,-1.0,manager-00
# effort - no singular values,"",""
# manager - standard variations
project-46,TI00-Project46,"Lorem ipsum dolor sit amet, consectetu","Lorem ipsum dolor sit amet, consectetur adipiscing elit. Sed do: eiusmod tempor incididunt ut labore et dolore magna aliqua! Ut*","Lorem ipsum dolor sit amet, consectetur adipiscing elit. Sed do: eiusmod tempor incididunt ut labore et dolore magna aliqua! Ut*",2025/01/03 00:00,2200/12/31 23:59,TRUE,50.0,50.0,""
# manager - no singular values
